building_name,net_leased_area,building_age_group,a1,a2,a3,a1_a3,a4,a5,b1,b2,b3,b4,b5,b6,b7,c1,c2,c3,c4,d,sum,sumwithd
'B104_IV',201.6119384765625,"(2010,2015)",-296.6595474365083,0.4929855947474156,63.86878413253807,60015.68486454596,894.292475190091,753.1526743981314,-430.10546875,None,None,None,None,6202.602726610519,None,155.84372893833657,850.7684123046452,344.14756130894955,6009.599232904211,-5690.479508378622,74795.98620745084,69105.50669907223
'B105_IV',201.611572265625,"(2010,2015)",-296.65900857967375,0.4929846992810152,63.86866812032425,60015.62505615773,894.2909330390921,753.1514688645663,-430.1046875,None,None,None,None,6202.58484625608,None,155.84344586145872,850.7669904904428,344.147475933697,6009.5935882420745,-5690.474976466808,74795.89911734515,69105.42414087834
'B106_IV',201.611572265625,"(2010,2015)",-296.65900857967375,0.4929846992810152,63.86866812032425,60015.62503939745,894.2909330110741,753.1514688092138,-430.1046875,None,None,None,None,6202.584846433434,None,155.84344586145872,850.7669904483644,344.14747574985006,6009.593586446568,-5690.474974489718,74795.8990986574,69105.4241241677
'B107_IV',201.6119384765625,"(2010,2015)",-296.6595474365083,0.4929855947474156,63.86878413253807,60015.68486440101,894.2924751898486,753.1526743976526,-430.10546875,None,None,None,None,6202.596112785904,None,155.84372893833657,850.7684123042814,344.14756130735964,6009.599232888683,-5690.479508361524,74795.97959346307,69105.50008510155
'B108_IV',201.611572265625,"(2010,2015)",-296.65900857967375,0.4929846992810152,63.86866812032425,60015.62505615773,894.290933039092,753.1514688645663,-430.1046875,None,None,None,None,6202.584846650058,None,155.84344586145872,850.7669904904428,344.147475933697,6009.593588242073,-5690.474976466808,74795.89911773913,69105.42414127232
'B10_IV',201.6123046875,"(2010,2015)",-296.6600862933429,0.49298649021381596,63.868900144751876,60015.74468197071,894.2940173561958,753.1538799615404,-430.10625,None,None,None,None,6202.61399313734,None,155.8440120152144,850.7698341415348,344.14764678332546,6009.6048785344165,-5690.484041356409,74796.06669390027,69105.58265254386
'B11_IV',201.611572265625,"(2010,2015)",-296.65900857967375,0.4929846992810152,63.86866812032425,60015.62505703133,894.2909330405524,753.1514688674515,-430.1046875,None,None,None,None,6202.591460489046,None,155.84344586145872,850.7669904926361,344.1474759432797,6009.5935883356615,-5690.474976569861,74795.9057325614,69105.43075599153
'B12_IV',201.6112060546875,"(2010,2015)",-296.65846972283913,0.49298380381461476,63.868552108110435,60015.5652273652,894.2893908539836,753.1502632636141,-430.10390625,None,None,None,None,6202.58019402274,None,155.8431627845809,850.7655686250133,344.1473903346254,6009.587941394051,-5690.470442148044,74795.8252323938,69105.35479024576
'B13_IV',201.6123046875,"(2010,2015)",-296.6600862933429,0.49298649021381596,63.868900144751876,60015.74468896657,894.2940173678908,753.153879984645,-430.10625,None,None,None,None,6202.61399296557,None,155.8440120152144,850.7698341590985,344.14764686006447,6009.604879283876,-5690.4840421816625,74796.06670160293,69105.58265942127
'B14_IV',201.6119384765625,"(2010,2015)",-296.6595474365083,0.4929855947474156,63.86878413253807,60015.68487154184,894.2924752017858,753.1526744212359,-430.10546875,None,None,None,None,6202.6027267673935,None,155.84372893833657,850.7684123222091,344.14756138568873,6009.59923365367,-5690.479509203876,74795.98621548217,69105.5067062783
'B15_IV',201.6119384765625,"(2010,2015)",-296.6595474365083,0.4929855947474156,63.86878413253807,60015.6848649832,894.2924751908217,753.1526743995754,-430.10546875,None,None,None,None,6202.6027266538185,None,155.84372893833657,850.7684123057429,344.14756131374577,6009.599232951051,-5690.479508430201,74795.9862079863,69105.50669955609
'B16_IV',201.611572265625,"(2010,2015)",-296.65900857967375,0.4929846992810152,63.86866812032425,60015.62504508147,894.2909330205761,753.1514688279859,-430.1046875,None,None,None,None,6202.591460144906,None,155.84344586145872,850.7669904626348,344.1474758121993,6009.5935870554895,-5690.474975160221,74795.90571876673,69105.43074360651
'B17_IV',201.6119384765625,"(2010,2015)",-296.6595474365083,0.4929855947474156,63.86878413253807,60015.684865274736,894.2924751913092,753.1526744005382,-430.10546875,None,None,None,None,6202.602726691214,None,155.84372893833657,850.7684123064749,344.14756131694367,6009.599232982283,-5690.479508464591,74795.98620835184,69105.50669988725
'B18_IV',201.6119384765625,"(2010,2015)",-296.6595474365083,0.4929855947474156,63.86878413253807,60015.68487197908,894.2924752025167,753.15267442268,-430.10546875,None,None,None,None,6202.60272684521,None,155.84372893833657,850.7684123233068,344.1475613904849,6009.59923370051,-5690.479509255454,74795.98621605214,69105.50670679669
'B19_IV',201.6119384765625,"(2010,2015)",-296.6595474365083,0.4929855947474156,63.86878413253807,60015.68487197908,894.2924752025167,753.15267442268,-430.10546875,None,None,None,None,6202.6027269518945,None,155.84372893833657,850.7684123233068,344.1475613904849,6009.59923370051,-5690.479509255454,74795.98621615882,69105.50670690337
'B20_IV',201.6123046875,"(2010,2015)",-296.6600862933429,0.49298649021381596,63.868900144751876,60015.744679785115,894.2940173525421,753.1538799543223,-430.10625,None,None,None,None,6202.61399256743,None,155.8440120152144,850.7698341360476,344.14764675935123,6009.604878300278,-5690.484041098592,74796.0666908703,69105.5826497717
'B21_IV',201.6119384765625,"(2010,2015)",-296.6595474365083,0.4929855947474156,63.86878413253807,60015.6848649832,894.2924751908218,753.1526743995754,-430.10546875,None,None,None,None,6202.602727042717,None,155.84372893833657,850.7684123057429,344.14756131374577,6009.599232951051,-5690.4795084302,74795.9862083752,69105.50669994499
'B22_IV',201.6119384765625,"(2010,2015)",-296.6595474365083,0.4929855947474156,63.86878413253807,60015.68486964779,894.2924751986195,753.1526744149807,-430.10546875,None,None,None,None,6202.602726982782,None,155.84372893833657,850.7684123174539,344.1475613649126,6009.599233450762,-5690.479508980448,74795.98621356564,69105.50670458519
'B23_IV',201.611572265625,"(2010,2015)",-296.65900857967375,0.4929846992810152,63.86866812032425,60015.62504522719,894.2909330208196,753.1514688284672,-430.1046875,None,None,None,None,6202.591460760217,None,155.84344586145872,850.7669904630006,344.14747581379754,6009.593587071098,-5690.474975177409,74795.90571954605,69105.43074436864
'B24_IV',201.6119384765625,"(2010,2015)",-296.6595474365083,0.4929855947474156,63.86878413253807,60015.6848649832,894.2924751908218,753.1526743995754,-430.10546875,None,None,None,None,6202.602726821834,None,155.84372893833657,850.7684123057429,344.14756131374577,6009.599232951051,-5690.4795084302,74795.98620815431,69105.50669972411
'B25_IV',201.611572265625,"(2010,2015)",-296.65900857967375,0.4929846992810152,63.86866812032425,60015.62505178581,894.2909330317835,753.1514688501276,-430.1046875,None,None,None,None,6202.591460458691,None,155.84344586145872,850.7669904794668,344.14747588574056,6009.593587773716,-5690.474975951083,74795.90572662679,69105.4307506757
'B26_IV',201.611572265625,"(2010,2015)",-296.65900857967375,0.4929846992810152,63.86866812032425,60015.62504522719,894.2909330208196,753.1514688284672,-430.1046875,None,None,None,None,6202.591460471668,None,155.84344586145872,850.7669904630006,344.14747581379754,6009.593587071098,-5690.474975177409,74795.9057192575,69105.43074408009
'B27_IV',201.6119384765625,"(2010,2015)",-296.6595474365083,0.4929855947474156,63.86878413253807,60015.68486950209,894.292475198376,753.1526744144994,-430.10546875,None,None,None,None,6202.602726928927,None,155.84372893833657,850.7684123170881,344.14756136331425,6009.599233435154,-5690.479508963261,74795.98621334779,69105.50670438452
'B28_IV',201.6112060546875,"(2010,2015)",-296.65846972283913,0.49298380381461476,63.868552108110435,60015.5652371296,894.2893908703065,753.1502632958619,-430.10390625,None,None,None,None,6202.580194264057,None,155.8431627845809,850.7655686495277,344.1473904417331,6009.587942440097,-5690.470443299881,74795.82524362578,69105.35480032589
'B5_IV',201.6119384765625,"(2010,2015)",-296.6595474365083,0.4929855947474156,63.86878413253807,60015.68486527461,894.292475191309,753.1526744005378,-430.10546875,None,None,None,None,6202.602726766805,None,155.84372893833657,850.7684123064746,344.1475613169423,6009.59923298227,-5690.479508464576,74795.9862084273,69105.50669996273
'B6_IV',201.611572265625,"(2010,2015)",-296.65900857967375,0.4929846992810152,63.86866812032425,60015.625047121226,894.2909330239859,753.1514688347223,-430.1046875,None,None,None,None,6202.591460741769,None,155.84344586145872,850.7669904677557,344.1474758345737,6009.593587274005,-5690.474975400835,74795.90572165951,69105.43074625867
'B7_IV',201.6119384765625,"(2010,2015)",-296.6595474365083,0.4929855947474156,63.86878413253807,60015.68486964779,894.2924751986195,753.1526744149807,-430.10546875,None,None,None,None,6202.602726904218,None,155.84372893833657,850.7684123174539,344.1475613649126,6009.599233450764,-5690.479508980449,74795.98621348708,69105.50670450662
'B88_IV',201.6112060546875,"(2010,2015)",-296.65846972283913,0.49298380381461476,63.868552108110435,60015.56523771255,894.2893908712811,753.1502632977872,-430.10390625,None,None,None,None,6202.580193471955,None,155.8431627845809,850.7655686509914,344.1473904481276,6009.587942502549,-5690.4704433686475,74795.82524348983,69105.35480012119
'B89_IV',201.6123046875,"(2010,2015)",-296.6600862933429,0.49298649021381596,63.868900144751876,60015.7446819707,894.2940173561958,753.1538799615404,-430.10625,None,None,None,None,6202.61399299829,None,155.8440120152144,850.7698341415346,344.1476467833254,6009.6048785344165,-5690.484041356409,74796.06669376121,69105.5826524048
'B8_IV',201.6119384765625,"(2010,2015)",-296.6595474365083,0.4929855947474156,63.86878413253807,60015.68486279762,894.2924751871682,753.1526743923573,-430.10546875,None,None,None,None,6202.602726580368,None,155.84372893833657,850.7684123002559,344.14756128977166,6009.599232716913,-5690.479508172382,74795.9862054528,69105.50669728042
'B90_IV',201.6119384765625,"(2010,2015)",-296.6595474365083,0.4929855947474156,63.86878413253807,60015.68486221467,894.2924751861938,753.152674390432,-430.10546875,None,None,None,None,6202.602726612012,None,155.84372893833657,850.7684122987924,344.1475612833772,6009.599232654463,-5690.479508103616,74795.9862048283,69105.50669672468
'B91_IV',201.6119384765625,"(2010,2015)",-296.6595474365083,0.4929855947474156,63.86878413253807,60015.68486454596,894.292475190091,753.1526743981314,-430.10546875,None,None,None,None,6202.602726575685,None,155.84372893833657,850.7684123046453,344.14756130894955,6009.599232904211,-5690.479508378622,74795.986207416,69105.50669903739
'B92_IV',201.6119384765625,"(2010,2015)",-296.6595474365083,0.4929855947474156,63.86878413253807,60015.68486454596,894.292475190091,753.1526743981314,-430.10546875,None,None,None,None,6202.602726720714,None,155.84372893833657,850.7684123046452,344.14756130894955,6009.599232904211,-5690.479508378623,74795.98620756104,69105.50669918241
'B93_IV',201.6112060546875,"(2010,2015)",-296.65846972283913,0.49298380381461476,63.868552108110435,60015.56523654665,894.289390869332,753.1502632939367,-430.10390625,None,None,None,None,6202.58019398697,None,155.8431627845809,850.7655686480642,344.14739043533865,6009.587942377648,-5690.470443231115,74795.82524269252,69105.3547994614
'B94_IV',201.6112060546875,"(2010,2015)",-296.65846972283913,0.49298380381461476,63.868552108110435,60015.565229696476,894.2893908578808,753.1502632713134,-430.10390625,None,None,None,None,6202.58019415852,None,155.8431627845809,850.7655686308661,344.14739036019773,6009.587941643798,-5690.4704424230495,74795.82523515365,69105.3547927306
'B95_IV',201.6119384765625,"(2010,2015)",-296.6595474365083,0.4929855947474156,63.86878413253807,60015.68486221467,894.2924751861938,753.152674390432,-430.10546875,None,None,None,None,6202.602726851214,None,155.84372893833657,850.7684122987924,344.1475612833772,6009.599232654462,-5690.479508103618,74795.9862050675,69105.50669696389
'B96_IV',201.611572265625,"(2010,2015)",-296.65900857967375,0.4929846992810152,63.86866812032425,60015.625045372886,894.2909330210632,753.1514688289483,-430.1046875,None,None,None,None,6202.5914604116515,None,155.84344586145872,850.7669904633665,344.14747581539575,6009.593587086707,-5690.4749751945965,74795.90571936147,69105.43074416688
'B97_IV',201.611572265625,"(2010,2015)",-296.65900857967375,0.4929846992810152,63.86866812032425,60015.62505178581,894.2909330317837,753.1514688501277,-430.1046875,None,None,None,None,6202.5914604048585,None,155.84344586145872,850.7669904794666,344.14747588574056,6009.593587773716,-5690.474975951084,74795.90572657296,69105.43075062188
'B98_IV',201.611572265625,"(2010,2015)",-296.65900857967375,0.4929846992810152,63.86866812032425,60015.62504814142,894.2909330256913,753.1514688380917,-430.1046875,None,None,None,None,6202.591460383808,None,155.84344586145872,850.7669904703171,344.1474758457644,6009.593587383295,-5690.47497552118,74795.90572244984,69105.43074692866
'B99_IV',201.611572265625,"(2010,2015)",-296.65900857967375,0.4929846992810152,63.86866812032425,60015.625047704176,894.2909330249604,753.1514688366476,-430.1046875,None,None,None,None,6202.591460119281,None,155.84344586145872,850.7669904692193,344.1474758409682,6009.593587336454,-5690.474975469601,74795.90572169317,69105.43074622357
'B9_IV',201.6119384765625,"(2010,2015)",-296.6595474365083,0.4929855947474156,63.86878413253807,60015.68486454596,894.292475190091,753.1526743981314,-430.10546875,None,None,None,None,6202.602726760659,None,155.84372893833657,850.7684123046453,344.14756130894955,6009.599232904211,-5690.479508378622,74795.98620760099,69105.50669922237
'B1_II',180.326171875,"(2010,2015)",-398.00827974491,0.6614058108021418,85.68847731904191,46139.681846915446,669.0121356007207,635.3124204954446,-288.521875,None,None,None,None,5547.74374737077,None,109.78642763157632,637.5022502925734,321.3464497343026,4694.635603212415,-4396.510418489295,58466.499006253245,54069.988587763946
'B29_III',136.068359375,"(2010,2015)",-300.32431276862286,0.4990756617365755,64.6577831986926,37167.25186564387,508.7464912263814,487.15321833411326,-217.709375,None,None,None,None,4186.1606196385765,None,82.8413254390268,486.9430476223987,268.2742852060102,3794.3587937969323,-3594.882105083873,46764.02027190731,43169.13816682344
'B2_II',180.326416015625,"(2010,2015)",-398.0088186017446,0.6614067062685421,85.68859333125572,46139.71659389027,669.0129950248134,635.3131890839179,-288.522265625,None,None,None,None,5547.7507943978435,None,109.78657626960695,637.5030438004487,321.34658072516356,4694.6389895132215,-4396.513100831057,58466.54649708029,54070.03339624924
'B30_III',136.068603515625,"(2010,2015)",-300.3248516254575,0.49907655720297595,64.65789921090642,37167.2866058506,508.74735063916006,487.1539869002345,-217.709765625,None,None,None,None,4186.168130356133,None,82.84147407705743,486.9438411132818,268.2744161226307,3794.362179372683,-3594.884786627253,46764.06821880679,43169.18343217953
'B31_III',136.068603515625,"(2010,2015)",-300.3248516254575,0.49907655720297595,64.65789921090642,37167.28661080672,508.7473506474451,487.15398691660255,-217.709765625,None,None,None,None,4186.168130784605,None,82.84147407705743,486.9438411257247,268.2744161769955,3794.3621799036255,-3594.8847872118918,46764.06822481377,43169.183437601874
'B32_III',136.068359375,"(2010,2015)",-300.32431276862286,0.4990756617365755,64.6577831986926,37167.25186549816,508.7464912261378,487.153218333632,-217.709375,None,None,None,None,4186.160619505708,None,82.8413254390268,486.94304762203296,268.27428520441197,3794.3587937813227,-3594.882105066685,46764.020271610425,43169.13816654374
'B33_II',180.326416015625,"(2010,2015)",-398.0088186017446,0.6614067062685421,85.68859333125572,46139.716589431606,669.01299501736,635.3131890691927,-288.522265625,None,None,None,None,5547.750872957725,None,109.78657626960695,637.5030437892547,321.3465806762557,4694.638989035571,-4396.513100305101,58466.54657062158,54070.03347031648
'B34_II',180.326171875,"(2010,2015)",-398.00827974491,0.6614058108021418,85.68847731904191,46139.68184703729,669.0121356009244,635.3124204958469,-288.521875,None,None,None,None,5547.743362175668,None,109.78642763157632,637.5022502928795,321.34644973563894,4694.635603225468,-4396.510418503667,58466.49862119529,54069.988202691624
'B35_II',180.326416015625,"(2010,2015)",-398.0088186017446,0.6614067062685421,85.68859333125572,46139.71659001457,669.0129950183345,635.313189071118,-288.522265625,None,None,None,None,5547.750873051193,None,109.78657626960695,637.5030437907183,321.34658068265014,4694.638989098023,-4396.513100373867,58466.54657137121,54070.03347099735
'B36_II',180.325927734375,"(2010,2015)",-398.00774088807543,0.6614049153357414,85.6883613068281,46139.64710245752,669.0112761808355,635.3116519152835,-288.521484375,None,None,None,None,5547.7358510605245,None,109.78627899354571,637.5014567910174,321.3463187710494,4694.632217181237,-4396.507736444429,58466.45066897602,54069.94293253159
'B37_III',136.068359375,"(2010,2015)",-300.32431276862286,0.4990756617365755,64.6577831986926,37167.25186564387,508.7464912263814,487.15321833411326,-217.709375,None,None,None,None,4186.160619487957,None,82.8413254390268,486.9430476223987,268.2742852060102,3794.3587937969323,-3594.882105083873,46764.02027175669,43169.13816667282
'B38_III',136.068359375,"(2010,2015)",-300.32431276862286,0.4990756617365755,64.6577831986926,37167.25186782945,508.74649123003496,487.15321834133135,-217.709375,None,None,None,None,4186.160619401369,None,82.8413254390268,486.9430476278858,268.27428522998434,3794.35879403107,-3594.8821053416905,46764.02027413015,43169.13816878846
'B39_III',136.068603515625,"(2010,2015)",-300.3248516254575,0.49907655720297595,64.65789921090642,37167.28661751106,508.74735065865264,487.15398693874425,-217.709765625,None,None,None,None,4186.168130496775,None,82.84147407705743,486.94384114255655,268.2744162505368,3794.3621806218525,-3594.8847880027547,46764.06823207224,43169.18344406949
'B3_II',180.325927734375,"(2010,2015)",-398.00774088807543,0.6614049153357414,85.6883613068281,46139.64709378759,669.0112761663421,635.3116518866502,-288.521484375,None,None,None,None,5547.7357728151,None,109.78627899354571,637.5014567692507,321.34631867594726,4694.63221625244,-4396.507735421701,58466.45058097187,54069.94284555017
'B40_III',136.068603515625,"(2010,2015)",-300.3248516254575,0.49907655720297595,64.65789921090642,37167.28661969664,508.7473506623063,487.15398694596234,-217.709765625,None,None,None,None,4186.168130524847,None,82.84147407705743,486.9438411480437,268.2744162745109,3794.3621808559906,-3594.8847882605723,46764.06823456036,43169.183446299794
'B41_II',180.326171875,"(2010,2015)",-398.00827974491,0.6614058108021418,85.68847731904191,46139.68184499755,669.0121355975145,635.3124204891105,-288.521875,None,None,None,None,5547.743362122831,None,109.78642763157632,637.5022502877584,321.3464497132646,4694.635603006952,-4396.510418263051,58466.49861884656,54069.98820058351
'B42_II',180.325927734375,"(2010,2015)",-398.00774088807543,0.6614049153357414,85.6883613068281,46139.64710012623,669.0112761769383,635.3116519075843,-288.521484375,None,None,None,None,5547.735850844028,None,109.78627899354571,637.5014567851645,321.34631874547705,4694.632216931489,-4396.507736169424,58466.45066613546,54069.94292996604
'B43_II',180.326171875,"(2010,2015)",-398.00827974491,0.6614058108021418,85.68847731904191,46139.68184456029,669.0121355967835,635.3124204876665,-288.521875,None,None,None,None,5547.743362280084,None,109.78642763157632,637.5022502866606,321.34644970846836,4694.635602960111,-4396.510418211474,58466.49861851164,54069.98820030017
'B44_II',180.325927734375,"(2010,2015)",-398.00774088807543,0.6614049153357414,85.6883613068281,46139.64710202027,669.0112761801046,635.3116519138395,-288.521484375,None,None,None,None,5547.73585082252,None,109.78627899354571,637.5014567899196,321.3463187662532,4694.632217134395,-4396.50773639285,58466.45066824586,54069.94293185301
'B45_I',180.326171875,"(2010,2015)",-398.00827974491,0.6614058108021418,85.68847731904191,46139.68184791178,669.0121356023863,635.312420498735,-288.521875,None,None,None,None,5547.743362420044,None,109.78642763157632,637.5022502950749,321.3464497452313,4694.63560331915,-4396.510418606823,58466.49862242397,54069.98820381715
'B46_II',180.326171875,"(2010,2015)",-398.00827974491,0.6614058108021418,85.68847731904191,46139.68184499754,669.0121355975145,635.3124204891105,-288.521875,None,None,None,None,5547.743362128192,None,109.78642763157632,637.5022502877584,321.3464497132646,4694.635603006952,-4396.510418263051,58466.49861885191,54069.98820058886
'B47_II',180.326171875,"(2010,2015)",-398.00827974491,0.6614058108021418,85.68847731904191,46139.68183800167,669.0121355858196,635.312420466006,-288.521875,None,None,None,None,5547.743362172499,None,109.78642763157632,637.5022502701945,321.34644963652534,4694.635602257493,-4396.510417437798,58466.49861102179,54069.98819358399
'B48_I',180.326416015625,"(2010,2015)",-398.0088186017446,0.6614067062685421,85.68859333125572,46139.71659234585,669.0129950222316,635.3131890788173,-288.522265625,None,None,None,None,5547.750873100151,None,109.78657626960695,637.5030437965712,321.34658070822246,4694.63898934777,-4396.513100648874,58466.54657404423,54070.03347339536
'B49_III',136.068359375,"(2010,2015)",-300.32431276862286,0.4990756617365755,64.6577831986926,37167.25186782945,508.74649123003496,487.15321834133135,-217.709375,None,None,None,None,4186.160619470761,None,82.8413254390268,486.9430476278858,268.27428522998434,3794.35879403107,-3594.8821053416905,46764.020274199545,43169.138168857855
'B4_II',180.326171875,"(2010,2015)",-398.00827974491,0.6614058108021418,85.68847731904191,46139.68183858433,669.0121355867936,635.3124204679302,-288.521875,None,None,None,None,5547.7432836501,None,109.78642763157632,637.5022502716573,321.3464496429167,4694.635602319913,-4396.510417506532,58466.49853315522,54069.988115648695
'B50_III',136.068359375,"(2010,2015)",-300.32431276862286,0.4990756617365755,64.6577831986926,37167.25186608111,508.7464912271123,487.1532183355573,-217.709375,None,None,None,None,4186.160619657419,None,82.8413254390268,486.94304762349645,268.27428521080645,3794.358793843773,-3594.882105135451,46764.020272418304,43169.13816728285
'B51_III',136.068603515625,"(2010,2015)",-300.3248516254575,0.49907655720297595,64.65789921090642,37167.286610369476,508.74735064671415,487.1539869151585,-217.709765625,None,None,None,None,4186.168130498971,None,82.84147407705743,486.94384112462694,268.2744161721993,3794.362179856784,-3594.8847871603134,46764.068224036,43169.18343687568
'B52_III',136.06884765625,"(2010,2015)",-300.3253904822921,0.49907745266937636,64.65801522312024,37167.32135757209,508.74821007118766,487.15475550438407,-217.71015625,None,None,None,None,4186.175641256528,None,82.84162271508805,486.94463463307386,268.27454716555906,3794.365566181995,-3594.887469528947,46764.1161788499,43169.22870932095
'B53_I',180.326416015625,"(2010,2015)",-398.0088186017446,0.6614067062685421,85.68859333125572,46139.71658520427,669.0129950102933,635.3131890552315,-288.522265625,None,None,None,None,5547.750873273285,None,109.78657626960695,637.5030437786415,321.34658062988507,4694.638988582702,-4396.5130998064315,58466.54656617891,54070.03346637248
'B54_II',180.326416015625,"(2010,2015)",-398.0088186017446,0.6614067062685421,85.68859333125572,46139.71658243573,669.0129950056651,635.3131890460883,-288.522265625,None,None,None,None,5547.75087282835,None,109.78657626960695,637.503043771691,321.34658059951647,4694.638988286113,-4396.513099479848,58466.54656261776,54070.033463137916
'B55_II',180.325927734375,"(2010,2015)",-398.00774088807543,0.6614049153357414,85.6883613068281,46139.647095461645,669.0112761691406,635.311651892179,-288.521484375,None,None,None,None,5547.735851009345,None,109.78627899354571,637.5014567734535,321.34631869431024,4694.632216431778,-4396.507735619175,58466.4506610504,54069.94292543123
'B56_I',180.326171875,"(2010,2015)",-398.00827974491,0.6614058108021418,85.68847731904191,46139.68184047866,669.0121355899604,635.3124204741864,-288.521875,None,None,None,None,5547.743362190106,None,109.78642763157632,637.5022502764132,321.34644966369603,4694.63560252285,-4396.510417729991,58466.49861382745,54069.98819609746
'B57_III',136.068603515625,"(2010,2015)",-300.3248516254575,0.49907655720297595,64.65789921090642,37167.28661984235,508.7473506625498,487.1539869464436,-217.709765625,None,None,None,None,4186.168130558793,None,82.84147407705743,486.9438411484095,268.27441627610915,3794.3621808716002,-3594.8847882777604,46764.06823475831,43169.18344648055
'B58_III',136.068359375,"(2010,2015)",-300.32431276862286,0.4990756617365755,64.6577831986926,37167.25185850229,508.7464912144429,487.15321831052745,-217.709375,None,None,None,None,4186.160619594187,None,82.8413254390268,486.94304760446903,268.2742851276728,3794.3587930318636,-3594.882104241432,46764.02026382448,43169.138159583046
'B59_III',136.068359375,"(2010,2015)",-300.32431276862286,0.4990756617365755,64.6577831986926,37167.25186782945,508.74649123003496,487.15321834133135,-217.709375,None,None,None,None,4186.160619497821,None,82.8413254390268,486.9430476278858,268.27428522998434,3794.35879403107,-3594.8821053416905,46764.020274226605,43169.138168884914
'B60_III',136.068603515625,"(2010,2015)",-300.3248516254575,0.49907655720297595,64.65789921090642,37167.28661211782,508.74735064963687,487.15398692093254,-217.709765625,None,None,None,None,4186.168130494199,None,82.84147407705743,486.9438411290163,268.2744161913772,3794.3621800440815,-3594.8847873665527,46764.06822599914,43169.183438632586
'B61_I',180.326171875,"(2010,2015)",-398.00827974491,0.6614058108021418,85.68847731904191,46139.6818470373,669.0121356009244,635.3124204958469,-288.521875,None,None,None,None,5547.74336201609,None,109.78642763157632,637.5022502928795,321.34644973563894,4694.635603225467,-4396.510418503667,58466.49862103572,54069.98820253205
'B62_I',180.325927734375,"(2010,2015)",-398.00774088807543,0.6614049153357414,85.6883613068281,46139.64710012624,669.0112761769383,635.3116519075843,-288.521484375,None,None,None,None,5547.735851146589,None,109.78627899354571,637.5014567851645,321.34631874547705,4694.632216931489,-4396.507736169423,58466.450666438024,54069.942930268604
'B63_I',180.325927734375,"(2010,2015)",-398.00774088807543,0.6614049153357414,85.6883613068281,46139.64710012623,669.0112761769383,635.3116519075843,-288.521484375,None,None,None,None,5547.735850992801,None,109.78627899354571,637.5014567851645,321.34631874547705,4694.632216931489,-4396.507736169423,58466.45066628423,54069.94293011481
'B64_I',180.326171875,"(2010,2015)",-398.00827974491,0.6614058108021418,85.68847731904191,46139.68184441459,669.01213559654,635.3124204871852,-288.521875,None,None,None,None,5547.743361813514,None,109.78642763157632,637.5022502862948,321.3464497068701,4694.635602944501,-4396.510418194286,58466.498617881065,54069.98819968678
'B65_I',180.325927734375,"(2010,2015)",-398.00774088807543,0.6614049153357414,85.6883613068281,46139.64710260323,669.0112761810791,635.3116519157647,-288.521484375,None,None,None,None,5547.735850821765,None,109.78627899354571,637.5014567913831,321.34631877264763,4694.632217196846,-4396.507736461616,58466.45066890126,54069.94293243965
'B66_I',180.326416015625,"(2010,2015)",-398.0088186017446,0.6614067062685421,85.68859333125572,46139.716591762895,669.0129950212572,635.3131890768921,-288.522265625,None,None,None,None,5547.75087311342,None,109.78657626960695,637.5030437951077,321.346580701828,4694.638989285319,-4396.513100580107,58466.546573401334,54070.033472821226
'B67_I',180.326171875,"(2010,2015)",-398.00827974491,0.6614058108021418,85.68847731904191,46139.68184630863,669.0121355997062,635.3124204934405,-288.521875,None,None,None,None,5547.743362014068,None,109.78642763157632,637.50225029105,321.34644972764625,4694.635603147407,-4396.510418417713,58466.49862021352,54069.98820179581
'B68_I',180.326171875,"(2010,2015)",-398.00827974491,0.6614058108021418,85.68847731904191,46139.68184033296,669.0121355897168,635.3124204737053,-288.521875,None,None,None,None,5547.743362063952,None,109.78642763157632,637.5022502760474,321.3464496620977,4694.635602507241,-4396.510417712803,58466.49861353728,54069.98819582448
'B69_I',180.325927734375,"(2010,2015)",-398.00774088807543,0.6614049153357414,85.6883613068281,46139.647095461645,669.0112761691406,635.311651892179,-288.521484375,None,None,None,None,5547.735851164111,None,109.78627899354571,637.5014567734535,321.34631869431024,4694.632216431778,-4396.507735619175,58466.45066120517,54069.942925585994
'B70_I',180.326416015625,"(2010,2015)",-398.0088186017446,0.6614067062685421,85.68859333125572,46139.71658476702,669.0129950095622,635.3131890537875,-288.522265625,None,None,None,None,5547.750872983285,None,109.78657626960695,637.5030437775438,321.3465806250888,4694.63898853586,-4396.513099754854,58466.546565396755,54070.0334656419
'B71_I',180.326171875,"(2010,2015)",-398.00827974491,0.6614058108021418,85.68847731904191,46139.68184499754,669.0121355975145,635.3124204891105,-288.521875,None,None,None,None,5547.743362186819,None,109.78642763157632,637.5022502877584,321.3464497132646,4694.635603006952,-4396.510418263051,58466.49861891054,54069.98820064749
'B72_I',180.326416015625,"(2010,2015)",-398.0088186017446,0.6614067062685421,85.68859333125572,46139.716589431606,669.01299501736,635.3131890691927,-288.522265625,None,None,None,None,5547.750872822705,None,109.78657626960695,637.5030437892548,321.34658067625566,4694.638989035571,-4396.513100305101,58466.54657048656,54070.03347018146
'B73_I',180.326171875,"(2010,2015)",-398.00827974491,0.6614058108021418,85.68847731904191,46139.68184499755,669.0121355975145,635.3124204891105,-288.521875,None,None,None,None,5547.743361938526,None,109.78642763157632,637.5022502877584,321.3464497132646,4694.635603006952,-4396.510418263051,58466.498618662255,54069.9882003992
'B74_I',180.326416015625,"(2010,2015)",-398.0088186017446,0.6614067062685421,85.68859333125572,46139.716589431606,669.01299501736,635.3131890691927,-288.522265625,None,None,None,None,5547.750873093521,None,109.78657626960695,637.5030437892548,321.3465806762557,4694.638989035571,-4396.513100305101,58466.546570757375,54070.033470452276
'B75_I',180.325927734375,"(2010,2015)",-398.00774088807543,0.6614049153357414,85.6883613068281,46139.64709954328,669.0112761759638,635.311651905659,-288.521484375,None,None,None,None,5547.735851182878,None,109.78627899354571,637.501456783701,321.3463187390826,4694.632216869039,-4396.507736100657,58466.45066581815,54069.942929717494
'B76_I',180.32568359375,"(2010,2015)",-398.0072020312408,0.6614040198693409,85.68824529461428,46139.61235525491,669.0104167563619,635.3108833260579,-288.52109375000003,None,None,None,None,5547.728340301327,None,109.78613035551507,637.5006632825704,321.34618777769,4694.628830856028,-4396.505054075795,58466.40271416046,54069.897660084665
'B77_II',180.326171875,"(2010,2015)",-398.00827974491,0.6614058108021418,85.68847731904191,46139.68185053485,669.0121356067712,635.312420507398,-288.521875,None,None,None,None,5547.744576704738,None,109.78642763157632,637.5022503016604,321.34644977400444,4694.635603600156,-4396.510418916248,58466.49983966115,54069.989420744896
'B78_II',180.326171875,"(2010,2015)",-398.00827974491,0.6614058108021418,85.68847731904191,46139.68183858499,669.0121355867948,635.3124204679324,-288.521875,None,None,None,None,5547.74457658183,None,109.78642763157632,637.502250271659,321.346449642924,4694.635602319983,-4396.51041750661,58466.49982608769,54069.98940858108
'B79_II',180.326416015625,"(2010,2015)",-398.0088186017446,0.6614067062685421,85.68859333125572,46139.716593074874,669.0129950234503,635.313189081225,-288.522265625,None,None,None,None,5547.752087683058,None,109.78657626960695,637.5030437984014,321.34658071621936,4694.63898942587,-4396.513100734872,58466.54778944771,54070.03468871284
'B80_II',180.326416015625,"(2010,2015)",-398.0088186017446,0.6614067062685421,85.68859333125572,46139.716595260456,669.0129950271039,635.3131890884431,-288.522265625,None,None,None,None,5547.752087495646,None,109.78657626960695,637.5030438038887,321.3465807401935,4694.6389896600085,-4396.513100992689,58466.54779172035,54070.03469072766
'B81_II',180.326171875,"(2010,2015)",-398.00827974491,0.6614058108021418,85.68847731904191,46139.68183771013,669.0121355853323,635.3124204650431,-288.521875,None,None,None,None,5547.7433621653945,None,109.78642763157632,637.5022502694626,321.34644963332744,4694.635602226261,-4396.510417403408,58466.498610686525,54069.98819328312
'B82_II',180.326171875,"(2010,2015)",-398.00827974491,0.6614058108021418,85.68847731904191,46139.68183902223,669.0121355875257,635.3124204693764,-288.521875,None,None,None,None,5547.744576808353,None,109.78642763157632,637.5022502727568,321.3464496477202,4694.635602366825,-4396.510417558187,58466.499826806365,54069.98940924818
'B83_II',180.325927734375,"(2010,2015)",-398.00774088807543,0.6614049153357414,85.6883613068281,46139.64710580937,669.0112761864387,635.3116519263533,-288.521484375,None,None,None,None,5547.737065696064,None,109.78627899354571,637.5014567994325,321.3463188078166,4694.632217540317,-4396.507736839822,58466.45188738433,54069.944150544514
'B84_II',180.32666015625,"(2010,2015)",-398.00935745857925,0.6614076017349426,85.68870934346954,46139.751343921635,669.0138544540157,635.3139576824858,-288.52265625,None,None,None,None,5547.758383959236,None,109.78672490763759,637.5038373159975,321.3467117495523,4694.642376141473,-4396.515783533378,58466.594533882024,54070.07875034864
'B85_II',180.326171875,"(2010,2015)",-398.00827974491,0.6614058108021418,85.68847731904191,46139.68184732883,669.0121356014117,635.3124204968098,-288.521875,None,None,None,None,5547.743361724937,None,109.78642763157632,637.5022502936114,321.3464497388369,4694.635603256699,-4396.510418538057,58466.49862107271,54069.98820253465
'B86_II',180.326416015625,"(2010,2015)",-398.0088186017446,0.6614067062685421,85.68859333125572,46139.716583747715,669.0129950078583,635.3131890504212,-288.522265625,None,None,None,None,5547.752087197627,None,109.78657626960695,637.5030437749847,321.3465806139078,4694.638988426665,-4396.513099634613,58466.54777846379,54070.03467882918
'B87_II',180.326416015625,"(2010,2015)",-398.0088186017446,0.6614067062685421,85.68859333125572,46139.716585933296,669.0129950115119,635.3131890576393,-288.522265625,None,None,None,None,5547.752087479345,None,109.78657626960695,637.5030437804718,321.34658063788197,4694.638988660803,-4396.513099892431,58466.54778120557,54070.03468131314]"
